{
    "$schema": "http://json-schema.org/schema#",
    "id": "http://schema.cms.amplience.com/{{self.id}}",
    "meta": {
        "name": "BannerIM",
        "description": "",
        "context": "http://context.cms.amplience.com/{{self.context.id}}",
        "icons": [
            {
                "size": 256,
                "url": "http://solutions.adis.ws.s3.amazonaws.com/ca/icons/bannericon.png"
            }
        ],
        "card": [
            {
                "id": "defaultCard",
                "category": "card",
                "default": true,
                "label": "Default card",
                "uri": "//apps.dev-artifacts.adis.ws/cms-cards/master/latest/gallery/index.html",
                "mapping": {
                    "headline": "/title",
                    "image0": "/image"
                }
            },
            {
                "id": "defaultviz",
                "default": true,
                "category": "visualization",
                "label": "Default Visualization",
                "uri": "http://dev-solutions.s3.amazonaws.com/custom-demos/dfs2/dist/renders/bannerIM/package/visualisation.html"
            }
        ]
    },
    "allOf": [
        {
            "$ref": "#/definitions/self"
        },
        {
            "$ref": "http://schema.system.cms.amplience.com/v0.0#/content-base"
        }
    ],
    "definitions": {
        "self": {
            "type": "object",
            "properties": {
                "image": {
                    "type": "object",
                    "allOf": [
                        {
                            "$ref": "http://schema.system.cms.amplience.com/v0.0#/di-asset-link"
                        },
                        {
                            "properties": {
                                "mediaType": {
                                    "enum": [
                                        "image"
                                    ]
                                }
                            }
                        }
                    ],
                    "_label": {
                        "value": "Sidebar Background Image",
                        "hint": ""
                    },
                    "_semanticType": "http://semantic-type.cms.amplience.com/asset"
                },
                "mobileSidebarImage": {
                    "type": "object",
                    "allOf": [
                        {
                            "$ref": "http://schema.system.cms.amplience.com/v0.0#/di-asset-link"
                        },
                        {
                            "properties": {
                                "mediaType": {
                                    "enum": [
                                        "image"
                                    ]
                                }
                            }
                        }
                    ],
                    "_label": {
                        "value": "Sidebar Mobile Background Image",
                        "hint": ""
                    },
                    "_semanticType": "http://semantic-type.cms.amplience.com/asset"
                },
                "sidebarCharacter": {
                    "type": "object",
                    "allOf": [
                        {
                            "$ref": "http://schema.system.cms.amplience.com/v0.0#/di-asset-link"
                        },
                        {
                            "properties": {
                                "mediaType": {
                                    "enum": [
                                        "image"
                                    ]
                                }
                            }
                        }
                    ],
                    "_label": {
                        "value": "Sidebar Character",
                        "hint": ""
                    },
                    "_semanticType": "http://semantic-type.cms.amplience.com/asset"
                },
                "desktopCharacterCrop": {
                    "type": "string",
                    "minLength": 0,
                    "maxLength": 50,
                    "_label": {
                        "value": "Desktop Character Crop",
                        "hint": "",
                        "validation": ""
                    },
                    "_semanticType": "http://semantic-type.cms.amplience.com/text"
                },
                "mobileCharacterCrop": {
                    "type": "string",
                    "minLength": 0,
                    "maxLength": 50,
                    "_label": {
                        "value": "Mobile Character Crop",
                        "hint": "",
                        "validation": ""
                    },
                    "_semanticType": "http://semantic-type.cms.amplience.com/text"
                },
                "productImage": {
                    "type": "object",
                    "allOf": [
                        {
                            "$ref": "http://schema.system.cms.amplience.com/v0.0#/di-asset-link"
                        },
                        {
                            "properties": {
                                "mediaType": {
                                    "enum": [
                                        "image"
                                    ]
                                }
                            }
                        }
                    ],
                    "_label": {
                        "value": "Product Image",
                        "hint": ""
                    },
                    "_semanticType": "http://semantic-type.cms.amplience.com/asset"
                },
                "desktopProductCrop": {
                    "type": "string",
                    "minLength": 0,
                    "maxLength": 50,
                    "_label": {
                        "value": "Desktop Character Crop",
                        "hint": "",
                        "validation": ""
                    },
                    "_semanticType": "http://semantic-type.cms.amplience.com/text"
                },
                "mobileProductCrop": {
                    "type": "string",
                    "minLength": 0,
                    "maxLength": 50,
                    "_label": {
                        "value": "Mobile Product Crop",
                        "hint": "",
                        "validation": ""
                    },
                    "_semanticType": "http://semantic-type.cms.amplience.com/text"
                },
                "pricingImage": {
                    "type": "object",
                    "allOf": [
                        {
                            "$ref": "http://schema.system.cms.amplience.com/v0.0#/di-asset-link"
                        },
                        {
                            "properties": {
                                "mediaType": {
                                    "enum": [
                                        "image"
                                    ]
                                }
                            }
                        }
                    ],
                    "_label": {
                        "value": "Pricing Image",
                        "hint": ""
                    },
                    "_semanticType": "http://semantic-type.cms.amplience.com/asset"
                },
                "productURL": {
                    "type": "string",
                    "minLength": 3,
                    "maxLength": 256,
                    "_label": {
                        "value": "Product URL Link",
                        "hint": "relative path from domain, starts with / ie. /hanson/hns23asms",
                        "validation": "URL must start with a / and must be 3 to 256 characters in length"
                    },
                    "_semanticType": "http://semantic-type.cms.amplience.com/text"
                }
            },
            "required": []
        }
    }
}
